ID,CAT,SCAT,TTL,DESC,NT,PL,CS,EW,SS,DS,TC,PM,EP,EO
1,Station project attribute,Project network element size,# of total Bays 1 - 5,"This project attribute choice indicates economy of scale for the overall project. Therefore each network element should consider the overall scope of project work and its planned contracting arrangements. Bigger this overall project scope of work, more economic is the cost estimate at network element level also. Please choose the total bays included in the overall project scope that may constitute of multiple substations",The building block cost represents a larger project scope/size resulting in an efficient unitised estimate. The small size of this overall project scope represents an uneconomical distribution of fixed cost and therefore needs to be adjusted,0.004100000000000001,0.0246,0.0246,0.0246,0.024,0.024,0.25,0.0,0.0
2,Station project attribute,Project network element size,# of total Bays 6 - 10,"This project attribute choice indicates economy of scale for the overall project. Therefore each network element should consider the overall scope of project work and its planned contracting arrangements. Bigger this overall project scope of work, more economic is the cost estimate at network element level also. Please choose the total bays included in the overall project scope that may constitute of multiple substations",The building block cost represents a larger project scope/size resulting in an efficient unitised estimate. The relatively smaller size of this overall project scope represents an uneconomical distribution of fixed cost and therefore needs to be adjusted,0.003280000000000001,0.019680000000000003,0.019680000000000003,0.019680000000000003,0.019200000000000002,0.019200000000000002,0.2,0.0,0.0
3,Station project attribute,Project network element size,# of total Bays 11 - 15,"This project attribute choice indicates economy of scale for the overall project. Therefore each network element should consider the overall scope of project work and its planned contracting arrangements. Bigger this overall project scope of work, more economic is the cost estimate at network element level also. Please choose the total bays included in the overall project scope that may constitute of multiple substations",The building block cost represents a larger project scope/size resulting in an efficient unitised estimate. The relatively smaller size of this overall project scope represents an uneconomical distribution of fixed cost and therefore needs to be adjusted,0.0024600000000000004,0.014759999999999999,0.014759999999999999,0.014759999999999999,0.0144,0.0144,0.15,0.0,0.0
4,Station project attribute,Project network element size,# of total Bays 16 - 20,"This project attribute choice indicates economy of scale for the overall project. Therefore each network element should consider the overall scope of project work and its planned contracting arrangements. Bigger this overall project scope of work, more economic is the cost estimate at network element level also. Please choose the total bays included in the overall project scope that may constitute of multiple substations",The building block cost represents a larger project scope/size resulting in an efficient unitised estimate. The relatively smaller size of this overall project scope represents an uneconomical distribution of fixed cost and therefore needs to be adjusted,0.0016400000000000004,0.009840000000000002,0.009840000000000002,0.009840000000000002,0.009600000000000001,0.009600000000000001,0.1,0.0,0.0
5,Station project attribute,Project network element size,# of total Bays 21 - 25,"This project attribute choice indicates economy of scale for the overall project. Therefore each network element should consider the overall scope of project work and its planned contracting arrangements. Bigger this overall project scope of work, more economic is the cost estimate at network element level also. Please choose the total bays included in the overall project scope that may constitute of multiple substations",The building block cost represents a larger project scope/size resulting in an efficient unitised estimate. The relatively smaller size of this overall project scope represents an uneconomical distribution of fixed cost and therefore needs to be adjusted,0.0008200000000000002,0.004920000000000001,0.004920000000000001,0.004920000000000001,0.0048000000000000004,0.0048000000000000004,0.05,0.0,0.0
6,Station project attribute,Project network element size,# of total Bays 26 - 30,"This project attribute choice indicates economy of scale for the overall project. Therefore each network element should consider the overall scope of project work and its planned contracting arrangements. Bigger this overall project scope of work, more economic is the cost estimate at network element level also. Please choose the total bays included in the overall project scope that may constitute of multiple substations",The building block cost represents a larger project scope/size resulting in an efficient unitised estimate. The size of this overall project scope represents an economical distribution of fixed cost and therefore only needs slight adjustment,0.0,0.0024600000000000004,0.0024600000000000004,0.0024600000000000004,0.0024000000000000002,0.0024000000000000002,0.025,0.0,0.0
7,Station project attribute,Project network element size,# of total Bays above 31 / applicable for HVDC converter station project,"This project attribute choice indicates economy of scale for the overall project. Therefore each network element should consider the overall scope of project work and its planned contracting arrangements. Bigger this overall project scope of work, more economic is the cost estimate at network element level also. Please choose the total bays included in the overall project scope that may constitute of multiple substations",The building block cost represents a larger project scope/size resulting in an efficient unitised estimate. The size of this overall project scope represents an economical distribution of fixed cost and therefore does not need to be adjusted,0.0,0.0,0.0,0.0,0.0,0.0,0.0,0.0,0.0
8,Station project attribute,Jurisdiction,SA,This project attribute choice assigns appropriate environmental offset cost which differs in each jurisdiction based on state rules and regulation for the footprint area of the site,The building block cost estimate is based on NSW environmental offset rate. This choice adjust the already made estimate for SA jurisdiction. Chose this option if the network element is situated in this jurisdiction,0.0,0.0,0.0,0.0,0.0,0.0,0.0,-0.05,-0.7
9,Station project attribute,Jurisdiction,TAS,This project attribute choice assigns appropriate environmental offset cost which differs in each jurisdiction based on state rules and regulation for the footprint area of the site,The building block cost estimate is based on NSW environmental offset rate. This choice adjust the already made estimate for TAS jurisdiction. Chose this option if the network element is situated in this jurisdiction,0.0,0.0,0.0,0.0,0.0,0.0,0.0,1.05,-0.7
10,Station project attribute,Jurisdiction,VIC,This project attribute choice assigns appropriate environmental offset cost which differs in each jurisdiction based on state rules and regulation for the footprint area of the site,The building block cost estimate is based on NSW environmental offset rate. This choice adjust the already made estimate for VIC jurisdiction. Chose this option if the network element is situated in this jurisdiction,0.0,0.0,0.0,0.0,0.0,0.0,0.0,0.55,-0.5
11,Station project attribute,Jurisdiction,NSW,This project attribute choice assigns appropriate environmental offset cost which differs in each jurisdiction based on state rules and regulation for the footprint area of the site,The building block cost estimate is based on NSW environmental offset rate. No adjustment is made. Chose this option if the network element is situated in this jurisdiction,0.0,0.0,0.0,0.0,0.0,0.0,0.0,0.0,0.0
12,Station project attribute,Jurisdiction,QLD,This project attribute choice assigns appropriate environmental offset cost which differs in each jurisdiction based on state rules and regulation for the footprint area of the site,The building block cost estimate is based on NSW environmental offset rate. This choice adjust the already made estimate for QLD jurisdiction.  Chose this option if the network element is situated in this jurisdiction,0.0,0.0,0.0,0.0,0.0,0.0,0.0,0.05,-0.7
13,Station project attribute,Land Use,Desert,This project attribute choice assigns appropriate property cost for the footprint area of the site. Property cost differs drastically with various geographical and market variables,This choice adjust the property cost in the building block estimate commensurate with this type of land,0.0,0.0,0.0,0.0,0.0,0.0,0.0,-0.94,0.0
14,Station project attribute,Land Use,Scrub,This project attribute choice assigns appropriate property cost for the footprint area of the site. Property cost differs drastically with various geographical and market variables,This choice adjust the property cost in the building block estimate commensurate with this type of land,0.0,0.0,0.0,0.0,0.0,0.0,0.0,-0.8,0.0
15,Station project attribute,Land Use,Grazing,This project attribute choice assigns appropriate property cost for the footprint area of the site. Property cost differs drastically with various geographical and market variables,This choice adjust the property cost in the building block estimate commensurate with this type of land,0.0,0.0,0.0,0.0,0.0,0.0,0.0,0.0,0.0
16,Station project attribute,Land Use,Developed area,This project attribute choice assigns appropriate property cost for the footprint area of the site. Property cost differs drastically with various geographical and market variables,This choice adjust the property cost in the building block estimate commensurate with this type of land,0.0,0.0,0.0,0.0,0.0,0.0,0.0,1.0,0.0
17,Station project attribute,Greenfield or brownfield,Greenfield,"Greenfield design, greenfield construction, greenfield connection",The building block cost estimate is based on greenfield work and therefore no adjustment is required to the already estimated assets,0.0,0.0,0.0,0.0,0.0,0.0,0.0,0.0,0.0
18,Station project attribute,Greenfield or brownfield,Partly brownfield,"Partly brownfield design, partly brownfield construction, partly brownfield connection",The building block cost estimate is based on greenfield work and therefore some adjustment is required to the already estimated assets. Loss of efficiency in designing and delivering a brownfield project,0.0,0.06,0.06,0.06,0.06,0.06,0.06,0.0,0.0
19,Station project attribute,Greenfield or brownfield,Brownfield,"Brownfield design, brownfield construction, brownfield connection",The building block cost estimate is based on greenfield work and therefore an adjustment is required to the already estimated assets. Loss of efficiency in designing and delivering a brownfield project,0.0,0.12,0.12,0.12,0.12,0.12,0.12,0.0,0.0
20,Station project attribute,Proportion of environmentally sensitive areas,None,This project attribute choice assigns appropriate costs to manage the environmental issues. Sensitive area needs additional work to manage the risk. For greenfield work it is expected that the project proponent will not choose environmentally sensitive site. Such factors should be mitigated by considering prudent/alternate location options,Additional work is not required,0.0,0.0,0.0,0.0,0.0,0.0,0.0,0.0,0.0
21,Station project attribute,Proportion of environmentally sensitive areas,25 percent,This project attribute choice assigns appropriate costs to manage the environmental issues. Sensitive area needs additional work to manage the risk. For greenfield work it is expected that the project proponent will not choose environmentally sensitive site. Such factors should be mitigated by considering prudent/alternate location options,Some additional work is required and accordingly the cost estimate is adjusted to commensurate with level of risk,0.0,0.0,0.0,0.0,0.0,0.0,0.0005,0.0,0.0
22,Station project attribute,Proportion of environmentally sensitive areas,50 percent,This project attribute choice assigns appropriate costs to manage the environmental issues. Sensitive area needs additional work to manage the risk. For greenfield work it is expected that the project proponent will not choose environmentally sensitive site. Such factors should be mitigated by considering prudent/alternate location options,Some additional work is required and accordingly the cost estimate is adjusted to commensurate with level of risk,0.0,0.0,0.0,0.0,0.0,0.0,0.001,0.0,0.0
23,Station project attribute,Proportion of environmentally sensitive areas,75 percent,This project attribute choice assigns appropriate costs to manage the environmental issues. Sensitive area needs additional work to manage the risk. For greenfield work it is expected that the project proponent will not choose environmentally sensitive site. Such factors should be mitigated by considering prudent/alternate location options,Some additional work is required and accordingly the cost estimate is adjusted to commensurate with level of risk. A strong justification is needed if a greenfield site is mostly environmentally sensitive,0.0,0.0,0.0,0.0,0.0,0.0,0.0015,0.0,0.0
24,Station project attribute,Proportion of environmentally sensitive areas,100 percent,This project attribute choice assigns appropriate costs to manage the environmental issues. Sensitive area needs additional work to manage the risk. For greenfield work it is expected that the project proponent will not choose environmentally sensitive site. Such factors should be mitigated by considering prudent/alternate location options,Some additional work is required and accordingly the cost estimate is adjusted to commensurate with level of risk. A strong justification is needed if a greenfield site is 100% environmentally sensitive,0.0,0.0,0.0,0.0,0.0,0.0,0.002,0.0,0.0
25,Station project attribute,Location (regional/distance factors),Urban,"This project attribute choice assigns appropriate cost for different work location. Further the work location, additional the cost needed to mobilise resources","The building block cost estimate is based on works close to the supply of labour, plants, ports, transportation facilities, knowledge etc. Therefore no adjustment is needed to the already estimated cost",0.0,0.0,0.0,0.0,0.0,0.0,0.0,0.0,0.0
26,Station project attribute,Location (regional/distance factors),Regional,"This project attribute choice assigns appropriate cost for different work location. Further the work location, additional the cost needed to mobilise resources","The building block cost estimate is based on works close to the supply of labour, plants, ports, transportation facilities, knowledge etc. Therefore some adjustment is needed to the already estimated cost. This choice represents work site within 2 hours driving radius of TNSP established depots and regional towns with accomodation facilities and other public infrastructure.",0.025,0.035,0.035,0.025,0.035,0.035,0.035,0.0,0.0
27,Station project attribute,Location (regional/distance factors),Remote,"This project attribute choice assigns appropriate cost for different work location. Further the work location, additional the cost needed to mobilise resources","The building block cost estimate is based on works close to the supply of labour, plants, ports, transportation facilities, knowledge etc. Therefore adjustment is needed to the already estimated cost. This choice represents work site further than 2 hours driving radius of TNSP established depots and regional towns with accomodation facilities and other public infrastructure.",0.05,0.07,0.07,0.05,0.07,0.07,0.07,0.0,0.0
28,Station project attribute,Delivery timetable,Tight,This project attribute choice assigns appropriate cost depending on project schedule,Building block cost estimates are based on optimum project schedule. Any changes to that schedule (i.e. compressing it) will impact the efficient resourcing and the cost. For e.g. building an asset in a rushed timetable to commission it earlier than planned will require inefficient level of resourcing,0.02,0.07,0.07,0.07,0.07,0.07,0.07,0.0,0.0
29,Station project attribute,Delivery timetable,Optimum,This project attribute choice assigns appropriate cost depending on project schedule,Building block cost estimates are based on optimum project schedule. This choice does not impact or adjust the cost estimate. This should be the BAU choice in a forward looking plan,0.0,0.0,0.0,0.0,0.0,0.0,0.0,0.0,0.0
30,Station project attribute,Delivery timetable,Long,This project attribute choice assigns appropriate cost depending on project schedule,"Building block cost estimates are based on optimum project schedule. Any changes to that schedule (i.e. streching it out) will impact the efficient resourcing and the cost. For e.g. limitation on the ideal volume of work delivery in a given period due to resourcing constraint (such as budgeting approval, labour, plant, fleet etc) resulting in commissioning it later than planned/needed will require inefficient level of resourcing",0.02,0.07,0.07,0.07,0.07,0.07,0.07,0.0,0.0
31,Station project attribute,Contract delivery model,EPC contract,This project attribute choice assigns appropriate cost depending on risk and benefit profile of the chosen model,Major/complex projects are usually suited to be delivered by EPC contract for financing reasons with the contractor accepting higher risks and major plant procurement costs. TNSP's are required to select the most efficient delivery model.,0.0,0.0,0.0,0.0,0.0,0.0,0.0,0.0,0.0
32,Station project attribute,Contract delivery model,D&C contract,This project attribute choice assigns appropriate cost depending on risk and benefit profile of the chosen model,"In design and construction contract, both activities are performed by a contractor and are usually suited for BAU capital projects (repex, extention, augex) where the entity are responsible for specification (as per network standard designs/drawings) and accept some degree of risks. In D&C contracts direct procurement can be less, but indirect overheads increase. TNSP's are required to select the most efficient delivery model.",-0.06,0.0,0.0,-0.024,0.0,0.0,0.03,0.0,0.0
33,Overhead line project attribute,Project network element size,Below 1 km,"This project attribute choice indicates economy of scale for the overall project. Therefore each network element should consider the overall scope of project work and its planned contracting arrangements. Bigger this overall project scope of work, more economic is the cost estimate at network element level also. Please choose the total km length included in the overall project scope that may constitute of multiple line segments or elements",The building block cost represents a larger project scope/size resulting in an efficient unitised estimate. The small size of this overall project scope represents an uneconomical distribution of fixed cost and therefore needs to be adjusted,0.39,0.6493500000000001,0.6493500000000001,0.0,0.6493500000000001,0.6493500000000001,0.78,0.0,0.0
34,Overhead line project attribute,Project network element size,1 to 5 km,"This project attribute choice indicates economy of scale for the overall project. Therefore each network element should consider the overall scope of project work and its planned contracting arrangements. Bigger this overall project scope of work, more economic is the cost estimate at network element level also. Please choose the total km length included in the overall project scope that may constitute of multiple line segments or elements",The building block cost represents a larger project scope/size resulting in an efficient unitised estimate. The relatively smaller size of this overall project scope represents an uneconomical distribution of fixed cost and therefore needs to be adjusted,0.22920000000000001,0.381618,0.381618,0.0,0.381618,0.381618,0.45840000000000003,0.0,0.0
35,Overhead line project attribute,Project network element size,5 to 10 km,"This project attribute choice indicates economy of scale for the overall project. Therefore each network element should consider the overall scope of project work and its planned contracting arrangements. Bigger this overall project scope of work, more economic is the cost estimate at network element level also. Please choose the total km length included in the overall project scope that may constitute of multiple line segments or elements",The building block cost represents a larger project scope/size resulting in an efficient unitised estimate. The relatively smaller size of this overall project scope represents an uneconomical distribution of fixed cost and therefore needs to be adjusted,0.09480000000000001,0.157842,0.157842,0.0,0.157842,0.157842,0.18960000000000002,0.0,0.0
36,Overhead line project attribute,Project network element size,10 to 100 km,"This project attribute choice indicates economy of scale for the overall project. Therefore each network element should consider the overall scope of project work and its planned contracting arrangements. Bigger this overall project scope of work, more economic is the cost estimate at network element level also. Please choose the total km length included in the overall project scope that may constitute of multiple line segments or elements",The building block cost represents a larger project scope/size resulting in an efficient unitised estimate. The size of this overall project scope represents an economical distribution of fixed cost and therefore only needs slight adjustment,0.033600000000000005,0.05594400000000001,0.05594400000000001,0.0,0.05594400000000001,0.05594400000000001,0.06720000000000001,0.0,0.0
37,Overhead line project attribute,Project network element size,100 to 200km,"This project attribute choice indicates economy of scale for the overall project. Therefore each network element should consider the overall scope of project work and its planned contracting arrangements. Bigger this overall project scope of work, more economic is the cost estimate at network element level also. Please choose the total km length included in the overall project scope that may constitute of multiple line segments or elements",The building block cost represents a larger project scope/size resulting in an efficient unitised estimate. The size of this overall project scope represents an economical distribution of fixed cost and therefore does not need to be adjusted,0.0,0.0,0.0,0.0,0.0,0.0,0.0,0.0,0.0
38,Overhead line project attribute,Project network element size,Above 200 km,"This project attribute choice indicates economy of scale for the overall project. Therefore each network element should consider the overall scope of project work and its planned contracting arrangements. Bigger this overall project scope of work, more economic is the cost estimate at network element level also. Please choose the total km length included in the overall project scope that may constitute of multiple line segments or elements",The building block cost represents a larger project scope/size resulting in an efficient unitised estimate. The even larger size of this overall project scope represents a more economical distribution of fixed cost and therefore needs to be adjusted by reducing the building block cost estimate slighty,-0.030000000000000006,-0.04995000000000001,-0.04995000000000001,0.0,-0.04995000000000001,-0.04995000000000001,-0.06000000000000001,0.0,0.0
39,Overhead line project attribute,Jurisdiction,SA,This project attribute choice assigns appropriate environmental offset cost which differs in each jurisdiction based on state rules and regulation for respective voltage level easement width,The building block cost estimate is based on NSW environmental offset rate. This choice adjust the already made estimate for SA jurisdiction. Chose this option if the network element is situated in this jurisdiction,0.0,0.0,0.0,0.0,0.0,0.0,0.0,-0.05,-0.7
40,Overhead line project attribute,Jurisdiction,TAS,This project attribute choice assigns appropriate environmental offset cost which differs in each jurisdiction based on state rules and regulation for respective voltage level easement width,The building block cost estimate is based on NSW environmental offset rate. This choice adjust the already made estimate for TAS jurisdiction. Chose this option if the network element is situated in this jurisdiction,0.0,0.0,0.0,0.0,0.0,0.0,0.0,1.05,-0.7
41,Overhead line project attribute,Jurisdiction,VIC,This project attribute choice assigns appropriate environmental offset cost which differs in each jurisdiction based on state rules and regulation for respective voltage level easement width,The building block cost estimate is based on NSW environmental offset rate. This choice adjust the already made estimate for VIC jurisdiction. Chose this option if the network element is situated in this jurisdiction,0.0,0.0,0.0,0.0,0.0,0.0,0.0,0.55,-0.5
42,Overhead line project attribute,Jurisdiction,NSW,This project attribute choice assigns appropriate environmental offset cost which differs in each jurisdiction based on state rules and regulation for respective voltage level easement width,The building block cost estimate is based on NSW environmental offset rate. No adjustment is made. Chose this option if the network element is situated in this jurisdiction,0.0,0.0,0.0,0.0,0.0,0.0,0.0,0.0,0.0
43,Overhead line project attribute,Jurisdiction,QLD,This project attribute choice assigns appropriate environmental offset cost which differs in each jurisdiction based on state rules and regulation for respective voltage level easement width,The building block cost estimate is based on NSW environmental offset rate. This choice adjust the already made estimate for QLD jurisdiction. Chose this option if the network element is situated in this jurisdiction,0.0,0.0,0.0,0.0,0.0,0.0,0.0,0.05,-0.7
44,Overhead line project attribute,Land Use,Desert,This project attribute choice assigns appropriate easement cost for respective voltage level easement width. Easement cost differs drastically with various geographical and market variables,This choice adjust the easement cost in the building block estimate commensurate with this type of land,0.0,0.0,0.0,0.0,0.0,0.0,0.0,-0.94,0.0
45,Overhead line project attribute,Land Use,Scrub,This project attribute choice assigns appropriate easement cost for respective voltage level easement width. Easement cost differs drastically with various geographical and market variables,This choice adjust the easement cost in the building block estimate commensurate with this type of land,0.0,0.0,0.0,0.0,0.0,0.0,0.0,-0.8,0.0
46,Overhead line project attribute,Land Use,Grazing,This project attribute choice assigns appropriate easement cost for respective voltage level easement width. Easement cost differs drastically with various geographical and market variables,This choice adjust the easement cost in the building block estimate commensurate with this type of land,0.0,0.0,0.0,0.0,0.0,0.0,0.0,0.0,0.0
47,Overhead line project attribute,Land Use,Developed area,This project attribute choice assigns appropriate easement cost for respective voltage level easement width. Easement cost differs drastically with various geographical and market variables,This choice adjust the easement cost in the building block estimate commensurate with this type of land,0.0,0.0,0.0,0.0,0.0,0.0,0.0,1.0,0.0
48,Overhead line project attribute,Greenfield or brownfield,Brownfield,"Brownfield design, brownfield construction, brownfield connection",The building block cost estimate is based on greenfield work and therefore an adjustment is required to the already estimated assets. Loss of efficiency in designing and delivering a brownfield project,0.0,0.12,0.12,0.0,0.12,0.12,0.12,0.0,0.0
49,Overhead line project attribute,Greenfield or brownfield,Partly brownfield,"Partly brownfield design, partly brownfield construction, partly brownfield connection",The building block cost estimate is based on greenfield work and therefore some adjustment is required to the already estimated assets. Loss of efficiency in designing and delivering a brownfield project,0.0,0.06,0.06,0.0,0.06,0.06,0.06,0.0,0.0
50,Overhead line project attribute,Greenfield or brownfield,Greenfield,"Greenfield design, greenfield construction, greenfield connection",The building block cost estimate is based on greenfield work and therefore no adjustment is required to the already estimated assets,0.0,0.0,0.0,0.0,0.0,0.0,0.0,0.0,0.0
51,Overhead line project attribute,Proportion of environmentally sensitive areas,None,This project attribute choice assigns appropriate costs to manage the environmental issues. Sensitive area needs additional work to manage the risk. For greenfield work it is expected that the project proponent will not choose environmentally sensitive route. Such factors should be mitigated by considering prudent/alternate route options,Additional work is not required,0.0,0.0,0.0,0.0,0.0,0.0,0.0,0.0,0.0
52,Overhead line project attribute,Proportion of environmentally sensitive areas,25 percent,This project attribute choice assigns appropriate costs to manage the environmental issues. Sensitive area needs additional work to manage the risk. For greenfield work it is expected that the project proponent will not choose environmentally sensitive route. Such factors should be mitigated by considering prudent/alternate route options,Some additional work is required and accordingly the cost estimate is adjusted to commensurate with level of risk,0.0,0.0,0.0,0.0,0.0,0.0,0.00125,0.0,0.0
53,Overhead line project attribute,Proportion of environmentally sensitive areas,50 percent,This project attribute choice assigns appropriate costs to manage the environmental issues. Sensitive area needs additional work to manage the risk. For greenfield work it is expected that the project proponent will not choose environmentally sensitive route. Such factors should be mitigated by considering prudent/alternate route options,Some additional work is required and accordingly the cost estimate is adjusted to commensurate with level of risk,0.0,0.0,0.0,0.0,0.0,0.0,0.0025,0.0,0.0
54,Overhead line project attribute,Proportion of environmentally sensitive areas,75 percent,This project attribute choice assigns appropriate costs to manage the environmental issues. Sensitive area needs additional work to manage the risk. For greenfield work it is expected that the project proponent will not choose environmentally sensitive route. Such factors should be mitigated by considering prudent/alternate route options,Some additional work is required and accordingly the cost estimate is adjusted to commensurate with level of risk. A strong justification is needed if a greenfield route is mostly environmentally sensitive,0.0,0.0,0.0,0.0,0.0,0.0,0.00375,0.0,0.0
55,Overhead line project attribute,Proportion of environmentally sensitive areas,100 percent,This project attribute choice assigns appropriate costs to manage the environmental issues. Sensitive area needs additional work to manage the risk. For greenfield work it is expected that the project proponent will not choose environmentally sensitive route. Such factors should be mitigated by considering prudent/alternate route options,Some additional work is required and accordingly the cost estimate is adjusted to commensurate with level of risk. A strong justification is needed if a greenfield route is 100% environmentally sensitive,0.0,0.0,0.0,0.0,0.0,0.0,0.005,0.0,0.0
56,Overhead line project attribute,Location (regional/distance factors),Urban,"This project attribute choice assigns appropriate cost for different work location. Further the work location, additional the cost needed to mobilise resources","The building block cost estimate is based on works close to the supply of labour, plants, ports, transportation facilities, knowledge etc. Therefore no adjustment is needed to the already estimate cost",0.0,0.0,0.0,0.0,0.0,0.0,0.0,0.0,0.0
57,Overhead line project attribute,Location (regional/distance factors),Regional,"This project attribute choice assigns appropriate cost for different work location. Further the work location, additional the cost needed to mobilise resources","The building block cost estimate is based on works close to the supply of labour, plants, ports, transportation facilities, knowledge etc. Therefore some adjustment is needed to the already estimated cost. This choice represents work site within 2 hours driving radius of TNSP established depots and regional towns with accomodation facilities and other public infrastructure.",0.025,0.035,0.035,0.0,0.035,0.035,0.035,0.0,0.0
58,Overhead line project attribute,Location (regional/distance factors),Remote,"This project attribute choice assigns appropriate cost for different work location. Further the work location, additional the cost needed to mobilise resources","The building block cost estimate is based on works close to the supply of labour, plants, ports, transportation facilities, knowledge etc. Therefore adjustment is needed to the already estimated cost. This choice represents work site further than 2 hours driving radius of TNSP established depots and regional towns with accomodation facilities and other public infrastructure.",0.05,0.07,0.07,0.0,0.07,0.07,0.07,0.0,0.0
59,Overhead line project attribute,Location wind loading zones,Non-cyclone region,This project attribute choice assigns appropriate cost to account for climatic condition,The building block cost estimate is based on assets installed in non-cyclone region of Australia. Therefore no adjustment is needed to the already estimated costs,0.0,0.0,0.0,0.0,0.0,0.0,0.0,0.0,0.0
60,Overhead line project attribute,Location wind loading zones,Cyclone region,This project attribute choice assigns appropriate cost to account for climatic condition,The building block cost estimate is based on assets installed in non-cyclone region of Australia. Therefore some adjustment is needed to the already estimated costs. Design and structure margin are more robust in cyclone regions,0.2,0.020000000000000004,0.020000000000000004,0.0,0.025,0.010000000000000002,0.010000000000000002,0.0,0.0
61,Overhead line project attribute,Delivery timetable,Tight,This project attribute choice assigns appropriate cost depending on project schedule,Building block cost estimates are based on optimum project schedule. Any changes to that schedule (i.e. compressing it) will impact the efficient resourcing and the cost. For e.g. building an asset in a rushed timetable to commission it earlier than planned will require inefficient level of resourcing,0.02,0.07,0.07,0.0,0.07,0.07,0.07,0.0,0.0
62,Overhead line project attribute,Delivery timetable,Optimum,This project attribute choice assigns appropriate cost depending on project schedule,Building block cost estimates are based on optimum project schedule. This choice does not impact or adjust the cost estimate. This should be the BAU choice in a forward looking plan,0.0,0.0,0.0,0.0,0.0,0.0,0.0,0.0,0.0
63,Overhead line project attribute,Delivery timetable,Long,This project attribute choice assigns appropriate cost depending on project schedule,"Building block cost estimates are based on optimum project schedule. Any changes to that schedule (i.e. streching it out) will impact the efficient resourcing and the cost. For e.g. limitation on the ideal volume of work delivery in a given period due to resourcing constraint (such as budgeting approval, labour, plant, fleet etc) resulting in commissioning it later than planned/needed will require inefficient level of resourcing",0.02,0.07,0.07,0.0,0.07,0.07,0.07,0.0,0.0
64,Overhead line project attribute,Contract delivery model,EPC contract,This project attribute choice assigns appropriate cost depending on risk and benefit profile of the chosen model,Major/complex projects are usually suited to be delivered by EPC contract for financing reasons with the contractor accepting higher risks and major plant procurement costs. TNSP's are required to select the most efficient delivery model.,0.0,0.0,0.0,0.0,0.0,0.0,0.0,0.0,0.0
65,Overhead line project attribute,Contract delivery model,D&C contract,This project attribute choice assigns appropriate cost depending on risk and benefit profile of the chosen model,"In design and construction contract, both activities are performed by a contractor and are usually suited for BAU capital projects (repex, extention, augex) where the entity are responsible for specification (as per network standard designs/drawings) and accept some degree of risks. In D&C contracts direct procurement can be less, but indirect overheads increase. TNSP's are required to select the most efficient delivery model.",-0.06,0.0,0.0,0.0,0.0,0.0,0.03,0.0,0.0
66,Overhead line project attribute,Terrain,Flat/Farmland,This project attribute choice accounts for work productivity while delivering the project. Challenging terrain slows down project work,The building block cost estimate is based on flat terrain. Therefore no adjustment is needed to the already estimated costs. Choose this option if the terrain topography gradient is less that 1:20 or all work sites access can be easily established. The terrain topography should be considered on a larger/wider area rather than small and immediate changes to the contour lines,0.0,0.0,0.0,0.0,0.0,0.0,0.0,0.0,0.0
67,Overhead line project attribute,Terrain,Hilly/Undulating,This project attribute choice accounts for work productivity while delivering the project. Challenging terrain slows down project work,The building block cost estimate is based on flat terrain. Therefore some adjustment is needed to the already estimated costs to account for slower work. Choose this option if the terrain topography gradient is more than 1:20 but less than 1:2 or benching and excavation is only needed seldom (or can be avoided with relative ease by relocating the planned structure to near vicinity). The terrain topography should be considered on a larger/wider area rather than small and immediate changes to the contour lines,0.0,0.075,0.075,0.0,0.0,0.0,0.075,0.0,0.0
68,Overhead line project attribute,Terrain,Mountainous,This project attribute choice accounts for work productivity while delivering the project. Challenging terrain slows down project work,The building block cost estimate is based on flat terrain. Therefore adjustment is needed to the already estimated costs to account for slower work. Choose this option if the terrain topography gradient is more than 1:2 or benching and excavation are frequently needed to obtain acceptable horizontal and vertical alignment. The terrain topography should be considered on a larger/wider area rather than small and immediate changes to the contour lines,0.0,0.2,0.2,0.0,0.0,0.0,0.2,0.0,0.0
69,Station project attribute,Jurisdiction,SA - Adelaide and Fleurieu,This project attribute choice assigns appropriate environmental offset cost which differs in each jurisdiction based on state rules and regulation for the footprint area of the site,The building block cost estimate is based on NSW environmental offset rate. This choice adjust the already made estimate for SA jurisdiction. Chose this option if the network element is situated in this jurisdiction,0.0,0.0,0.0,0.0,0.0,0.0,0.0,0.8,-0.7
70,Station project attribute,Jurisdiction,SA - Eyre Peninsula,This project attribute choice assigns appropriate environmental offset cost which differs in each jurisdiction based on state rules and regulation for the footprint area of the site,The building block cost estimate is based on NSW environmental offset rate. This choice adjust the already made estimate for SA jurisdiction. Chose this option if the network element is situated in this jurisdiction,0.0,0.0,0.0,0.0,0.0,0.0,0.0,-0.55,-0.7
71,Station project attribute,Jurisdiction,SA - South East,This project attribute choice assigns appropriate environmental offset cost which differs in each jurisdiction based on state rules and regulation for the footprint area of the site,The building block cost estimate is based on NSW environmental offset rate. This choice adjust the already made estimate for SA jurisdiction. Chose this option if the network element is situated in this jurisdiction,0.0,0.0,0.0,0.0,0.0,0.0,0.0,-0.25,-0.7
72,Station project attribute,Jurisdiction,SA - York and North,This project attribute choice assigns appropriate environmental offset cost which differs in each jurisdiction based on state rules and regulation for the footprint area of the site,The building block cost estimate is based on NSW environmental offset rate. This choice adjust the already made estimate for SA jurisdiction. Chose this option if the network element is situated in this jurisdiction,0.0,0.0,0.0,0.0,0.0,0.0,0.0,-0.05,-0.7
73,Station project attribute,Jurisdiction,TAS - Northern,This project attribute choice assigns appropriate environmental offset cost which differs in each jurisdiction based on state rules and regulation for the footprint area of the site,The building block cost estimate is based on NSW environmental offset rate. This choice adjust the already made estimate for SA jurisdiction. Chose this option if the network element is situated in this jurisdiction,0.0,0.0,0.0,0.0,0.0,0.0,0.0,0.9,-0.7
74,Station project attribute,Jurisdiction,TAS - North West,This project attribute choice assigns appropriate environmental offset cost which differs in each jurisdiction based on state rules and regulation for the footprint area of the site,The building block cost estimate is based on NSW environmental offset rate. This choice adjust the already made estimate for SA jurisdiction. Chose this option if the network element is situated in this jurisdiction,0.0,0.0,0.0,0.0,0.0,0.0,0.0,1.6,-0.7
75,Station project attribute,Jurisdiction,TAS - South,This project attribute choice assigns appropriate environmental offset cost which differs in each jurisdiction based on state rules and regulation for the footprint area of the site,The building block cost estimate is based on NSW environmental offset rate. This choice adjust the already made estimate for SA jurisdiction. Chose this option if the network element is situated in this jurisdiction,0.0,0.0,0.0,0.0,0.0,0.0,0.0,0.2,-0.7
76,Station project attribute,Jurisdiction,VIC - Gippsland,This project attribute choice assigns appropriate environmental offset cost which differs in each jurisdiction based on state rules and regulation for the footprint area of the site,The building block cost estimate is based on NSW environmental offset rate. This choice adjust the already made estimate for SA jurisdiction. Chose this option if the network element is situated in this jurisdiction,0.0,0.0,0.0,0.0,0.0,0.0,0.0,0.9,-0.5
77,Station project attribute,Jurisdiction,VIC - Northern,This project attribute choice assigns appropriate environmental offset cost which differs in each jurisdiction based on state rules and regulation for the footprint area of the site,The building block cost estimate is based on NSW environmental offset rate. This choice adjust the already made estimate for SA jurisdiction. Chose this option if the network element is situated in this jurisdiction,0.0,0.0,0.0,0.0,0.0,0.0,0.0,0.35,-0.5
78,Station project attribute,Jurisdiction,VIC - North West,This project attribute choice assigns appropriate environmental offset cost which differs in each jurisdiction based on state rules and regulation for the footprint area of the site,The building block cost estimate is based on NSW environmental offset rate. This choice adjust the already made estimate for SA jurisdiction. Chose this option if the network element is situated in this jurisdiction,0.0,0.0,0.0,0.0,0.0,0.0,0.0,-0.3,-0.5
79,Station project attribute,Jurisdiction,VIC - South West,This project attribute choice assigns appropriate environmental offset cost which differs in each jurisdiction based on state rules and regulation for the footprint area of the site,The building block cost estimate is based on NSW environmental offset rate. This choice adjust the already made estimate for SA jurisdiction. Chose this option if the network element is situated in this jurisdiction,0.0,0.0,0.0,0.0,0.0,0.0,0.0,1.0,-0.5
80,Station project attribute,Jurisdiction,NSW - Central,This project attribute choice assigns appropriate environmental offset cost which differs in each jurisdiction based on state rules and regulation for the footprint area of the site,The building block cost estimate is based on NSW environmental offset rate. This choice adjust the already made estimate for SA jurisdiction. Chose this option if the network element is situated in this jurisdiction,0.0,0.0,0.0,0.0,0.0,0.0,0.0,-0.05,0.0
81,Station project attribute,Jurisdiction,NSW - Northern,This project attribute choice assigns appropriate environmental offset cost which differs in each jurisdiction based on state rules and regulation for the footprint area of the site,The building block cost estimate is based on NSW environmental offset rate. This choice adjust the already made estimate for SA jurisdiction. Chose this option if the network element is situated in this jurisdiction,0.0,0.0,0.0,0.0,0.0,0.0,0.0,-0.1,0.0
82,Station project attribute,Jurisdiction,NSW - Southern,This project attribute choice assigns appropriate environmental offset cost which differs in each jurisdiction based on state rules and regulation for the footprint area of the site,The building block cost estimate is based on NSW environmental offset rate. This choice adjust the already made estimate for SA jurisdiction. Chose this option if the network element is situated in this jurisdiction,0.0,0.0,0.0,0.0,0.0,0.0,0.0,0.05,0.0
83,Station project attribute,Jurisdiction,NSW - South East,This project attribute choice assigns appropriate environmental offset cost which differs in each jurisdiction based on state rules and regulation for the footprint area of the site,The building block cost estimate is based on NSW environmental offset rate. This choice adjust the already made estimate for SA jurisdiction. Chose this option if the network element is situated in this jurisdiction,0.0,0.0,0.0,0.0,0.0,0.0,0.0,0.3,0.0
84,Station project attribute,Jurisdiction,NSW - Western,This project attribute choice assigns appropriate environmental offset cost which differs in each jurisdiction based on state rules and regulation for the footprint area of the site,The building block cost estimate is based on NSW environmental offset rate. This choice adjust the already made estimate for SA jurisdiction. Chose this option if the network element is situated in this jurisdiction,0.0,0.0,0.0,0.0,0.0,0.0,0.0,-0.75,0.0
85,Station project attribute,Jurisdiction,QLD - Central,This project attribute choice assigns appropriate environmental offset cost which differs in each jurisdiction based on state rules and regulation for the footprint area of the site,The building block cost estimate is based on NSW environmental offset rate. This choice adjust the already made estimate for SA jurisdiction. Chose this option if the network element is situated in this jurisdiction,0.0,0.0,0.0,0.0,0.0,0.0,0.0,-0.3,-0.7
86,Station project attribute,Jurisdiction,QLD - North,This project attribute choice assigns appropriate environmental offset cost which differs in each jurisdiction based on state rules and regulation for the footprint area of the site,The building block cost estimate is based on NSW environmental offset rate. This choice adjust the already made estimate for SA jurisdiction. Chose this option if the network element is situated in this jurisdiction,0.0,0.0,0.0,0.0,0.0,0.0,0.0,0.45,-0.7
87,Station project attribute,Jurisdiction,QLD - South,This project attribute choice assigns appropriate environmental offset cost which differs in each jurisdiction based on state rules and regulation for the footprint area of the site,The building block cost estimate is based on NSW environmental offset rate. This choice adjust the already made estimate for SA jurisdiction. Chose this option if the network element is situated in this jurisdiction,0.0,0.0,0.0,0.0,0.0,0.0,0.0,0.4,-0.7
88,Station project attribute,Jurisdiction,QLD - West,This project attribute choice assigns appropriate environmental offset cost which differs in each jurisdiction based on state rules and regulation for the footprint area of the site,The building block cost estimate is based on NSW environmental offset rate. This choice adjust the already made estimate for SA jurisdiction. Chose this option if the network element is situated in this jurisdiction,0.0,0.0,0.0,0.0,0.0,0.0,0.0,-0.7,-0.7
89,Overhead line project attribute,Jurisdiction,SA - Adelaide and Fleurieu,This project attribute choice assigns appropriate environmental offset cost which differs in each jurisdiction based on state rules and regulation for the footprint area of the site,The building block cost estimate is based on NSW environmental offset rate. This choice adjust the already made estimate for SA jurisdiction. Chose this option if the network element is situated in this jurisdiction,0.0,0.0,0.0,0.0,0.0,0.0,0.0,0.8,-0.7
90,Overhead line project attribute,Jurisdiction,SA - Eyre Peninsula,This project attribute choice assigns appropriate environmental offset cost which differs in each jurisdiction based on state rules and regulation for the footprint area of the site,The building block cost estimate is based on NSW environmental offset rate. This choice adjust the already made estimate for SA jurisdiction. Chose this option if the network element is situated in this jurisdiction,0.0,0.0,0.0,0.0,0.0,0.0,0.0,-0.55,-0.7
91,Overhead line project attribute,Jurisdiction,SA - South East,This project attribute choice assigns appropriate environmental offset cost which differs in each jurisdiction based on state rules and regulation for the footprint area of the site,The building block cost estimate is based on NSW environmental offset rate. This choice adjust the already made estimate for SA jurisdiction. Chose this option if the network element is situated in this jurisdiction,0.0,0.0,0.0,0.0,0.0,0.0,0.0,-0.25,-0.7
92,Overhead line project attribute,Jurisdiction,SA - York and North,This project attribute choice assigns appropriate environmental offset cost which differs in each jurisdiction based on state rules and regulation for the footprint area of the site,The building block cost estimate is based on NSW environmental offset rate. This choice adjust the already made estimate for SA jurisdiction. Chose this option if the network element is situated in this jurisdiction,0.0,0.0,0.0,0.0,0.0,0.0,0.0,-0.05,-0.7
93,Overhead line project attribute,Jurisdiction,TAS - Northern,This project attribute choice assigns appropriate environmental offset cost which differs in each jurisdiction based on state rules and regulation for the footprint area of the site,The building block cost estimate is based on NSW environmental offset rate. This choice adjust the already made estimate for SA jurisdiction. Chose this option if the network element is situated in this jurisdiction,0.0,0.0,0.0,0.0,0.0,0.0,0.0,0.9,-0.7
94,Overhead line project attribute,Jurisdiction,TAS - North West,This project attribute choice assigns appropriate environmental offset cost which differs in each jurisdiction based on state rules and regulation for the footprint area of the site,The building block cost estimate is based on NSW environmental offset rate. This choice adjust the already made estimate for SA jurisdiction. Chose this option if the network element is situated in this jurisdiction,0.0,0.0,0.0,0.0,0.0,0.0,0.0,1.6,-0.7
95,Overhead line project attribute,Jurisdiction,TAS - South,This project attribute choice assigns appropriate environmental offset cost which differs in each jurisdiction based on state rules and regulation for the footprint area of the site,The building block cost estimate is based on NSW environmental offset rate. This choice adjust the already made estimate for SA jurisdiction. Chose this option if the network element is situated in this jurisdiction,0.0,0.0,0.0,0.0,0.0,0.0,0.0,0.2,-0.7
96,Overhead line project attribute,Jurisdiction,VIC - Gippsland,This project attribute choice assigns appropriate environmental offset cost which differs in each jurisdiction based on state rules and regulation for the footprint area of the site,The building block cost estimate is based on NSW environmental offset rate. This choice adjust the already made estimate for SA jurisdiction. Chose this option if the network element is situated in this jurisdiction,0.0,0.0,0.0,0.0,0.0,0.0,0.0,0.9,-0.5
97,Overhead line project attribute,Jurisdiction,VIC - Northern,This project attribute choice assigns appropriate environmental offset cost which differs in each jurisdiction based on state rules and regulation for the footprint area of the site,The building block cost estimate is based on NSW environmental offset rate. This choice adjust the already made estimate for SA jurisdiction. Chose this option if the network element is situated in this jurisdiction,0.0,0.0,0.0,0.0,0.0,0.0,0.0,0.35,-0.5
98,Overhead line project attribute,Jurisdiction,VIC - North West,This project attribute choice assigns appropriate environmental offset cost which differs in each jurisdiction based on state rules and regulation for the footprint area of the site,The building block cost estimate is based on NSW environmental offset rate. This choice adjust the already made estimate for SA jurisdiction. Chose this option if the network element is situated in this jurisdiction,0.0,0.0,0.0,0.0,0.0,0.0,0.0,-0.3,-0.5
99,Overhead line project attribute,Jurisdiction,VIC - South West,This project attribute choice assigns appropriate environmental offset cost which differs in each jurisdiction based on state rules and regulation for the footprint area of the site,The building block cost estimate is based on NSW environmental offset rate. This choice adjust the already made estimate for SA jurisdiction. Chose this option if the network element is situated in this jurisdiction,0.0,0.0,0.0,0.0,0.0,0.0,0.0,1.0,-0.5
100,Overhead line project attribute,Jurisdiction,NSW - Central,This project attribute choice assigns appropriate environmental offset cost which differs in each jurisdiction based on state rules and regulation for the footprint area of the site,The building block cost estimate is based on NSW environmental offset rate. This choice adjust the already made estimate for SA jurisdiction. Chose this option if the network element is situated in this jurisdiction,0.0,0.0,0.0,0.0,0.0,0.0,0.0,-0.05,0.0
101,Overhead line project attribute,Jurisdiction,NSW - Northern,This project attribute choice assigns appropriate environmental offset cost which differs in each jurisdiction based on state rules and regulation for the footprint area of the site,The building block cost estimate is based on NSW environmental offset rate. This choice adjust the already made estimate for SA jurisdiction. Chose this option if the network element is situated in this jurisdiction,0.0,0.0,0.0,0.0,0.0,0.0,0.0,-0.1,0.0
102,Overhead line project attribute,Jurisdiction,NSW - Southern,This project attribute choice assigns appropriate environmental offset cost which differs in each jurisdiction based on state rules and regulation for the footprint area of the site,The building block cost estimate is based on NSW environmental offset rate. This choice adjust the already made estimate for SA jurisdiction. Chose this option if the network element is situated in this jurisdiction,0.0,0.0,0.0,0.0,0.0,0.0,0.0,0.05,0.0
103,Overhead line project attribute,Jurisdiction,NSW - South East,This project attribute choice assigns appropriate environmental offset cost which differs in each jurisdiction based on state rules and regulation for the footprint area of the site,The building block cost estimate is based on NSW environmental offset rate. This choice adjust the already made estimate for SA jurisdiction. Chose this option if the network element is situated in this jurisdiction,0.0,0.0,0.0,0.0,0.0,0.0,0.0,0.3,0.0
104,Overhead line project attribute,Jurisdiction,NSW - Western,This project attribute choice assigns appropriate environmental offset cost which differs in each jurisdiction based on state rules and regulation for the footprint area of the site,The building block cost estimate is based on NSW environmental offset rate. This choice adjust the already made estimate for SA jurisdiction. Chose this option if the network element is situated in this jurisdiction,0.0,0.0,0.0,0.0,0.0,0.0,0.0,-0.75,0.0
105,Overhead line project attribute,Jurisdiction,QLD - Central,This project attribute choice assigns appropriate environmental offset cost which differs in each jurisdiction based on state rules and regulation for the footprint area of the site,The building block cost estimate is based on NSW environmental offset rate. This choice adjust the already made estimate for SA jurisdiction. Chose this option if the network element is situated in this jurisdiction,0.0,0.0,0.0,0.0,0.0,0.0,0.0,-0.3,-0.7
106,Overhead line project attribute,Jurisdiction,QLD - North,This project attribute choice assigns appropriate environmental offset cost which differs in each jurisdiction based on state rules and regulation for the footprint area of the site,The building block cost estimate is based on NSW environmental offset rate. This choice adjust the already made estimate for SA jurisdiction. Chose this option if the network element is situated in this jurisdiction,0.0,0.0,0.0,0.0,0.0,0.0,0.0,0.45,-0.7
107,Overhead line project attribute,Jurisdiction,QLD - South,This project attribute choice assigns appropriate environmental offset cost which differs in each jurisdiction based on state rules and regulation for the footprint area of the site,The building block cost estimate is based on NSW environmental offset rate. This choice adjust the already made estimate for SA jurisdiction. Chose this option if the network element is situated in this jurisdiction,0.0,0.0,0.0,0.0,0.0,0.0,0.0,0.4,-0.7
108,Overhead line project attribute,Jurisdiction,QLD - West,This project attribute choice assigns appropriate environmental offset cost which differs in each jurisdiction based on state rules and regulation for the footprint area of the site,The building block cost estimate is based on NSW environmental offset rate. This choice adjust the already made estimate for SA jurisdiction. Chose this option if the network element is situated in this jurisdiction,0.0,0.0,0.0,0.0,0.0,0.0,0.0,-0.7,-0.7
109,Underground cable project attribute,Project network element size,Below 1 km,"This project attribute choice indicates economy of scale for the overall project. Therefore each network element should consider the overall scope of project work and its planned contracting arrangements. Bigger this overall project scope of work, more economic is the cost estimate at network element level also. Please choose the total km length included in the overall project scope that may constitute of multiple cable segments or elements",The building block cost represents a larger project scope/size resulting in an efficient unitised estimate. The small size of this overall project scope represents an uneconomical distribution of fixed cost and therefore needs to be adjusted,0.22920000000000001,0.381618,0.381618,0.0,0.381618,0.381618,0.45840000000000003,0.0,0.0
110,Underground cable project attribute,Project network element size,1 to 5 km,"This project attribute choice indicates economy of scale for the overall project. Therefore each network element should consider the overall scope of project work and its planned contracting arrangements. Bigger this overall project scope of work, more economic is the cost estimate at network element level also. Please choose the total km length included in the overall project scope that may constitute of multiple cable segments or elements",The building block cost represents a larger project scope/size resulting in an efficient unitised estimate. The relatively smaller size of this overall project scope represents an uneconomical distribution of fixed cost and therefore needs to be adjusted,0.09480000000000001,0.157842,0.157842,0.0,0.157842,0.157842,0.18960000000000002,0.0,0.0
111,Underground cable project attribute,Project network element size,5 to 10 km,"This project attribute choice indicates economy of scale for the overall project. Therefore each network element should consider the overall scope of project work and its planned contracting arrangements. Bigger this overall project scope of work, more economic is the cost estimate at network element level also. Please choose the total km length included in the overall project scope that may constitute of multiple cable segments or elements",The building block cost represents a larger project scope/size resulting in an efficient unitised estimate. The size of this overall project scope represents an economical distribution of fixed cost and therefore only needs slight adjustment,0.033600000000000005,0.05594400000000001,0.05594400000000001,0.0,0.05594400000000001,0.05594400000000001,0.06720000000000001,0.0,0.0
112,Underground cable project attribute,Project network element size,Above 10km,"This project attribute choice indicates economy of scale for the overall project. Therefore each network element should consider the overall scope of project work and its planned contracting arrangements. Bigger this overall project scope of work, more economic is the cost estimate at network element level also. Please choose the total km length included in the overall project scope that may constitute of multiple cable segments or elements",The building block cost represents a larger project scope/size resulting in an efficient unitised estimate. The size of this overall project scope represents an economical distribution of fixed cost and therefore does not need to be adjusted,0.0,0.0,0.0,0.0,0.0,0.0,0.0,0.0,0.0
113,Underground cable project attribute,Greenfield or brownfield,Greenfield (no interface with existing man made infrastructure),"Greenfield design, greenfield construction, greenfield connection",The building block cost estimate is based on brownfield work (i.e. in high density urban/city areas needing multiple interfacing with existing man made infrastructures) and therefore adjustment is required to lower the already estimated assets. The building block cost estimate already incorporates the loss of efficiency in designing and delivering a brownfield project,0.0,-0.25,-0.25,0.0,-0.25,-0.25,-0.25,0.0,0.0
114,Underground cable project attribute,Greenfield or brownfield,Partly brownfield (some interface with existing man made infrastructure),"Partly brownfield design, partly brownfield construction, partly brownfield connection",The building block cost estimate is based on brownfield work (i.e. in high density urban/city areas needing multiple interfacing with existing man made infrastructures) and therefore some adjustment is required to lower the already estimated assets. The building block cost estimate already incorporates the loss of efficiency in designing and delivering a brownfield project,0.0,-0.125,-0.125,0.0,-0.125,-0.125,-0.125,0.0,0.0
115,Underground cable project attribute,Greenfield or brownfield,Brownfield (high density urban/city infrastructure interface),"Brownfield design, brownfield construction, brownfield connection",The building block cost estimate is based on brownfield work (i.e. in high density urban/city areas needing multiple interfacing with existing man made infrastructures) and therefore no adjustment is required to the already estimated assets. The building block cost estimate already incorporates the loss of efficiency in designing and delivering a brownfield project,0.0,0.0,0.0,0.0,0.0,0.0,0.0,0.0,0.0
116,Underground cable project attribute,Proportion of environmentally sensitive areas,None,This project attribute choice assigns appropriate costs to manage the environmental issues. Sensitive area needs additional work to manage the risk. For greenfield work it is expected that the project proponent will not choose environmentally sensitive route. Such factors should be mitigated by considering prudent/alternate route options,Additional work is not required,0.0,0.0,0.0,0.0,0.0,0.0,0.0,0.0,0.0
117,Underground cable project attribute,Proportion of environmentally sensitive areas,25 percent,This project attribute choice assigns appropriate costs to manage the environmental issues. Sensitive area needs additional work to manage the risk. For greenfield work it is expected that the project proponent will not choose environmentally sensitive route. Such factors should be mitigated by considering prudent/alternate route options,Some additional work is required and accordingly the cost estimate is adjusted to commensurate with level of risk,0.0,0.0,0.0,0.0,0.0,0.0,0.00025,0.0,0.0
118,Underground cable project attribute,Proportion of environmentally sensitive areas,50 percent,This project attribute choice assigns appropriate costs to manage the environmental issues. Sensitive area needs additional work to manage the risk. For greenfield work it is expected that the project proponent will not choose environmentally sensitive route. Such factors should be mitigated by considering prudent/alternate route options,Some additional work is required and accordingly the cost estimate is adjusted to commensurate with level of risk,0.0,0.0,0.0,0.0,0.0,0.0,0.0005,0.0,0.0
119,Underground cable project attribute,Proportion of environmentally sensitive areas,75 percent,This project attribute choice assigns appropriate costs to manage the environmental issues. Sensitive area needs additional work to manage the risk. For greenfield work it is expected that the project proponent will not choose environmentally sensitive route. Such factors should be mitigated by considering prudent/alternate route options,Some additional work is required and accordingly the cost estimate is adjusted to commensurate with level of risk. A strong justification is needed if a greenfield route is mostly environmentally sensitive,0.0,0.0,0.0,0.0,0.0,0.0,0.00075,0.0,0.0
120,Underground cable project attribute,Proportion of environmentally sensitive areas,100 percent,This project attribute choice assigns appropriate costs to manage the environmental issues. Sensitive area needs additional work to manage the risk. For greenfield work it is expected that the project proponent will not choose environmentally sensitive route. Such factors should be mitigated by considering prudent/alternate route options,Some additional work is required and accordingly the cost estimate is adjusted to commensurate with level of risk. A strong justification is needed if a greenfield route is 100% environmentally sensitive,0.0,0.0,0.0,0.0,0.0,0.0,0.001,0.0,0.0
121,Underground cable project attribute,Location (regional/distance factors),Urban,"This project attribute choice assigns appropriate cost for different work location. Further the work location, additional the cost needed to mobilise resources","The building block cost estimate is based on works close to the supply of labour, plants, ports, transportation facilities, knowledge etc. Therefore no adjustment is needed to the already estimate cost",0.0,0.0,0.0,0.0,0.0,0.0,0.0,0.0,0.0
122,Underground cable project attribute,Location (regional/distance factors),Regional,"This project attribute choice assigns appropriate cost for different work location. Further the work location, additional the cost needed to mobilise resources","The building block cost estimate is based on works close to the supply of labour, plants, ports, transportation facilities, knowledge etc. Therefore some adjustment is needed to the already estimated cost. This choice represents work site within 2 hours driving radius of TNSP established depots and regional towns with accomodation facilities and other public infrastructure.",0.025,0.03,0.03,0.0,0.05,0.05,0.05,0.0,0.0
123,Underground cable project attribute,Location (regional/distance factors),Remote,"This project attribute choice assigns appropriate cost for different work location. Further the work location, additional the cost needed to mobilise resources","The building block cost estimate is based on works close to the supply of labour, plants, ports, transportation facilities, knowledge etc. Therefore adjustment is needed to the already estimated cost. This choice represents work site further than 2 hours driving radius of TNSP established depots and regional towns with accomodation facilities and other public infrastructure.",0.05,0.045,0.045,0.0,0.075,0.075,0.075,0.0,0.0
124,Underground cable project attribute,Delivery timetable,Tight,This project attribute choice assigns appropriate cost depending on project schedule,Building block cost estimates are based on optimum project schedule. Any changes to that schedule (i.e. compressing it) will impact the efficient resourcing and the cost. For e.g. building an asset in a rushed timetable to commission it earlier than planned will require inefficient level of resourcing,0.05,0.1,0.1,0.0,0.1,0.1,0.1,0.0,0.0
125,Underground cable project attribute,Delivery timetable,Optimum,This project attribute choice assigns appropriate cost depending on project schedule,Building block cost estimates are based on optimum project schedule. This choice does not impact or adjust the cost estimate. This should be the BAU choice in a forward looking plan,0.0,0.0,0.0,0.0,0.0,0.0,0.0,0.0,0.0
126,Underground cable project attribute,Delivery timetable,Long,This project attribute choice assigns appropriate cost depending on project schedule,"Building block cost estimates are based on optimum project schedule. Any changes to that schedule (i.e. streching it out) will impact the efficient resourcing and the cost. For e.g. limitation on the ideal volume of work delivery in a given period due to resourcing constraint (such as budgeting approval, labour, plant, fleet etc) resulting in commissioning it later than planned/needed will require inefficient level of resourcing",0.02,0.07,0.07,0.0,0.07,0.07,0.07,0.0,0.0
127,Underground cable project attribute,Contract delivery model,EPC contract,This project attribute choice assigns appropriate cost depending on risk and benefit profile of the chosen model,Major/complex projects are usually suited to be delivered by EPC contract for financing reasons with the contractor accepting higher risks and major plant procurement costs. TNSP's are required to select the most efficient delivery model.,0.0,0.0,0.0,0.0,0.0,0.0,0.0,0.0,0.0
128,Underground cable project attribute,Contract delivery model,D&C contract,This project attribute choice assigns appropriate cost depending on risk and benefit profile of the chosen model,"In design and construction contract, both activities are performed by a contractor and are usually suited for BAU capital projects (repex, extention, augex) where the entity are responsible for specification (as per network standard designs/drawings) and accept some degree of risks. In D&C contracts direct procurement can be less, but indirect overheads increase. TNSP's are required to select the most efficient delivery model.",-0.06,0.0,0.0,0.0,0.0,0.0,0.03,0.0,0.0
